Anjum Asra nan nan nan AANJUM
Arefaine Arsiama M. nan nan AAREFAINE
Arefaine Arsiama M. nan nan AAREFAINE
Arefaine Arsiama M. nan nan AAREFAINE
Buchanan Amon M. nan nan ABUCHANAN
Buchanan Amon M. nan nan ABUCHANAN
Carey Arielle E. nan nan ACAREY
Carey Arielle E. nan nan ACAREY
Carey Arielle E. nan nan ACAREY
Carey Arielle E. nan nan ACAREY
Chakravarti Ajay nan nan nan ACHAKRAVARTI
Chakravarti Ajay nan nan nan ACHAKRAVARTI
Goud Chidugu Anjaneyulu nan nan ACHIDUGU
Dhumal Ashwini nan nan nan ADHUMAL
Galande Aniket nan nan nan AGALANDE
Ginka Arjun nan nan nan AGINKA
Ginka Arjun nan nan nan AGINKA
Ginka Arjun nan nan nan AGINKA
Gondela Anusha nan nan nan AGONDELA
Jasani Ankita S. nan nan AJASANI
Javia Amit C. nan nan AJAVIA
Javia Amit C. nan nan AJAVIA
Keesari Arun nan nan nan AKEESARI
Keesari Arun nan nan nan AKEESARI
Keesari Arun nan nan nan AKEESARI
Khan Aamir nan nan nan AKKHAN
Khan Aamir nan nan nan AKKHAN
Kumthekar Abhinandan B. nan nan AKUMTHEKAR
Lonkar Anuradha nan nan nan ALONKAR
Lonkar Anuradha nan nan nan ALONKAR
Lonkar Anuradha nan nan nan ALONKAR
Malla Parijat nan nan nan AMALLA
Manthati Archana nan nan nan AMANTHATI
Mantri Ruchi nan nan nan AMANTRI
Maryapgol Anamika nan nan nan AMARYAPGOL
Mohammed Imam Abbas nan nan AMOHAMMED
Morgan Aaron B. nan nan AMORGAN
Mudiganti Anandavardhini nan nan nan AMUDIGANTI
Mundrakkode Anusha Vadakkethil nan nan AMUNDRAKKODE
Mundrakkode Anusha Vadakkethil nan nan AMUNDRAKKODE
Venugopalan Nair Lakshmi nan nan ANAIR
Nimgade Ahimsa nan nan nan ANIMGADE
Pagdiwale Ambareen nan nan nan APAGDIWALE
Pagdiwale Ambareen nan nan nan APAGDIWALE
Pendergrass Amber L. nan nan APENDERGRASS
Pendergrass Amber L. nan nan APENDERGRASS
Pendergrass Amber L. nan nan APENDERGRASS
Sinkar Aaisha Abhijeet nan nan ASINKAR
Sultana Amina nan nan nan ASULTANA
Thorave Amit nan nan nan ATHORAVE
Thorave Amit nan nan nan ATHORAVE
Tirupathi Arjun nan nan nan ATIRUPATHI
Tirupathi Arjun nan nan nan ATIRUPATHI
Tramonte Amanda M. nan nan ATRAMONTE
Tramonte Amanda M. nan nan ATRAMONTE
Trentalange Anthony nan nan nan ATRENTALANGE
Trentalange Anthony nan nan nan ATRENTALANGE
Varier Anupama nan nan nan AVARIER
Varier Anupama nan nan nan AVARIER
Walker Blake nan nan nan AWALKER
Walker Alexis nan nan nan AWALKER
Waters Amy M. nan nan AWATERS
Waters Amy M. nan nan AWATERS
Bedford Barbara J. nan nan BBEDFORD
Bhosale Bipin nan nan nan BBHOSALE
Bhosale Bipin nan nan nan BBHOSALE
Boggs Brenda L. nan nan BBOGGS
Boggs Brenda L. nan nan BBOGGS

